{"loss": [1.4904531240463257, 1.0480749607086182, 0.9095791578292847, 0.8150889873504639, 0.6775059700012207, 0.6300600171089172, 0.5859294533729553, 0.5438858866691589, 0.48300430178642273, 0.4499741792678833, 0.4339612126350403, 0.4061651825904846, 0.39429840445518494, 0.37169915437698364, 0.33520177006721497, 0.3250972628593445, 0.29552847146987915, 0.2911519706249237, 0.2699698209762573], "accuracy": [0.528737485408783, 0.6564930081367493, 0.7065731287002563, 0.7332063913345337, 0.7744488716125488, 0.790901780128479, 0.80519038438797, 0.817314624786377, 0.8370340466499329, 0.8467735648155212, 0.852484941482544, 0.8620240688323975, 0.866112232208252, 0.8728857636451721, 0.886052131652832, 0.8864529132843018, 0.8978556990623474, 0.8986172080039978, 0.9050300717353821], "val_loss": [0.8295411467552185, 0.7466055154800415, 0.8052656054496765, 0.8184089660644531, 0.7575203776359558, 0.7729726433753967, 0.7299052476882935, 0.7149172425270081, 0.7096149921417236, 0.6542437672615051, 0.7004604935646057, 0.7131288647651672, 0.633364737033844, 0.6581318378448486, 0.5977064371109009, 0.5881537795066833, 0.6003332734107971, 0.6055614948272705, 0.6126244068145752], "val_accuracy": [0.7300000190734863, 0.7599999904632568, 0.7300000190734863, 0.7400000095367432, 0.7599999904632568, 0.7699999809265137, 0.7099999785423279, 0.7599999904632568, 0.7699999809265137, 0.800000011920929, 0.7799999713897705, 0.8299999833106995, 0.8100000023841858, 0.7900000214576721, 0.8299999833106995, 0.8100000023841858, 0.7900000214576721, 0.8199999928474426, 0.8199999928474426], "lr": [9.999999747378752e-05, 9.999999747378752e-05, 9.999999747378752e-05, 9.999999747378752e-05, 5.999999848427251e-05, 5.999999848427251e-05, 5.999999848427251e-05, 5.999999848427251e-05, 3.599999763537198e-05, 3.599999763537198e-05, 3.599999763537198e-05, 3.599999763537198e-05, 3.599999763537198e-05, 3.599999763537198e-05, 2.159999894502107e-05, 2.159999894502107e-05, 1.2959999367012642e-05, 1.2959999367012642e-05, 7.775999620207585e-06]}