{"loss": [1.1508185863494873, 0.7598056197166443, 0.6209347248077393, 0.5150819420814514, 0.3978525698184967, 0.3427756726741791, 0.27814167737960815, 0.24796462059020996, 0.21168048679828644], "accuracy": [0.6067535281181335, 0.7357915639877319, 0.7836673259735107, 0.8203607201576233, 0.861382782459259, 0.8821642994880676, 0.9076753258705139, 0.9183967709541321, 0.9331663250923157], "val_loss": [0.7187279462814331, 0.6916495561599731, 0.6669570803642273, 0.5612583160400391, 0.5689980387687683, 0.5601109266281128, 0.542590320110321, 0.5190944075584412, 0.5358152985572815], "val_accuracy": [0.7200000286102295, 0.800000011920929, 0.7900000214576721, 0.800000011920929, 0.7799999713897705, 0.800000011920929, 0.7900000214576721, 0.800000011920929, 0.800000011920929], "lr": [9.999999747378752e-06, 9.999999747378752e-06, 9.999999747378752e-06, 9.999999747378752e-06, 5.999999757477781e-06, 5.999999757477781e-06, 3.5999998999614036e-06, 3.5999998999614036e-06, 2.159999894502107e-06]}