{"loss": [1.5942531824111938, 1.1039528846740723, 0.7930247783660889, 0.48921841382980347, 0.24098320305347443, 0.1032581776380539, 0.03266195207834244], "accuracy": [0.4465000033378601, 0.6165000200271606, 0.7336999773979187, 0.8449000120162964, 0.944100022315979, 0.9832000136375427, 0.9995999932289124], "val_loss": [1.3186990022659302, 1.2864917516708374, 1.311610460281372, 1.3753559589385986, 1.585965871810913, 1.6431381702423096, 1.7250595092773438], "val_accuracy": [0.47999998927116394, 0.5600000023841858, 0.550000011920929, 0.5699999928474426, 0.5600000023841858, 0.5699999928474426, 0.5299999713897705]}