{"loss": [1.500749111175537, 1.1479095220565796, 0.8918333649635315, 0.6070438623428345, 0.3462809920310974], "accuracy": [0.4733668267726898, 0.598341703414917, 0.6942210793495178, 0.7970351576805115, 0.8976884484291077], "val_loss": [1.2648981809616089, 1.2546859979629517, 1.2742433547973633, 1.3590903282165527, 1.5547363758087158], "val_accuracy": [0.5199999809265137, 0.5600000023841858, 0.5199999809265137, 0.5400000214576721, 0.5299999713897705]}