{"loss": [2.3544771671295166, 1.4148786067962646, 1.3113564252853394, 1.2539193630218506, 1.1892212629318237, 1.1271494626998901, 1.105995774269104, 1.074362874031067, 1.0484185218811035, 1.02371346950531, 1.00813889503479, 0.9544909000396729, 0.9442488551139832, 0.9239612221717834, 0.897589385509491, 0.875182569026947, 0.8675168752670288, 0.8369969129562378, 0.810228705406189, 0.8176063895225525, 0.7957698702812195, 0.7843312621116638, 0.7626287937164307, 0.7696355581283569, 0.7519130706787109, 0.7320215106010437, 0.7319397926330566, 0.7147169709205627, 0.7123616337776184, 0.7107101678848267, 0.6888796091079712, 0.6832320094108582], "accuracy": [0.4207537770271301, 0.49648240208625793, 0.5337688326835632, 0.5543718338012695, 0.5749748945236206, 0.5934171080589294, 0.6049246191978455, 0.6185427308082581, 0.6275879144668579, 0.6300502419471741, 0.6355276107788086, 0.6528643369674683, 0.6549748778343201, 0.6609045267105103, 0.671055257320404, 0.6780402064323425, 0.680753767490387, 0.6883919835090637, 0.7025125622749329, 0.6995980143547058, 0.7024623155593872, 0.7079396843910217, 0.7143216133117676, 0.7133165597915649, 0.7146230936050415, 0.7255778908729553, 0.7242713570594788, 0.7310552597045898, 0.7325628399848938, 0.7327638268470764, 0.7405527830123901, 0.7420603036880493], "val_loss": [1.1354050636291504, 1.0668493509292603, 1.0647361278533936, 0.9173491597175598, 0.8101389408111572, 0.8091769218444824, 0.8588682413101196, 0.7991980910301208, 0.8844408988952637, 0.7908821702003479, 0.752319872379303, 0.7468406558036804, 0.7945144176483154, 0.719450831413269, 0.7577857375144958, 0.8227958083152771, 0.7484337091445923, 0.7282785177230835, 0.7275978922843933, 0.7425446510314941, 0.717572808265686, 0.6945250034332275, 0.8278629183769226, 0.7410526275634766, 0.7451740503311157, 0.8904308080673218, 0.8029121160507202, 0.757925808429718, 0.8222373723983765, 0.964455246925354, 0.8796839714050293, 0.9379909634590149], "val_accuracy": [0.6200000047683716, 0.6000000238418579, 0.6100000143051147, 0.6700000166893005, 0.7099999785423279, 0.6800000071525574, 0.6899999976158142, 0.7099999785423279, 0.6800000071525574, 0.7200000286102295, 0.7400000095367432, 0.7699999809265137, 0.7400000095367432, 0.7900000214576721, 0.7799999713897705, 0.7599999904632568, 0.7699999809265137, 0.7400000095367432, 0.7699999809265137, 0.800000011920929, 0.7799999713897705, 0.7699999809265137, 0.75, 0.7799999713897705, 0.8199999928474426, 0.6899999976158142, 0.7799999713897705, 0.7300000190734863, 0.7699999809265137, 0.7300000190734863, 0.7799999713897705, 0.75]}