{"loss": [2.7975387573242188, 1.643827199935913, 1.5508445501327515, 1.47393798828125, 1.4525641202926636, 1.4037396907806396, 1.359886884689331, 1.3456225395202637, 1.3210406303405762, 1.2801034450531006, 1.3089264631271362, 1.2804136276245117, 1.2695841789245605, 1.235185980796814, 1.2119683027267456, 1.2173900604248047, 1.1975831985473633, 1.1616109609603882, 1.161681056022644, 1.1448365449905396, 1.1333526372909546, 1.1026493310928345], "accuracy": [0.29969850182533264, 0.4130653142929077, 0.45251256227493286, 0.483517587184906, 0.4928140640258789, 0.5121607780456543, 0.5343718528747559, 0.5401005148887634, 0.5503014922142029, 0.5626130700111389, 0.5562813878059387, 0.5649245977401733, 0.5759798884391785, 0.5827637910842896, 0.5894472599029541, 0.5910552740097046, 0.6032663583755493, 0.6132161021232605, 0.6085427403450012, 0.6161306500434875, 0.6230150461196899, 0.6309548020362854], "val_loss": [1.5362706184387207, 1.4779555797576904, 1.512687087059021, 1.3060566186904907, 1.3452177047729492, 1.304205298423767, 1.3173468112945557, 1.2597320079803467, 1.3204352855682373, 1.3405942916870117, 1.3175448179244995, 1.2111390829086304, 1.2078697681427002, 1.1890572309494019, 1.1704742908477783, 1.239789366722107, 1.2821072340011597, 1.274933934211731, 1.174790620803833, 1.214126706123352, 1.1109176874160767, 1.1945289373397827], "val_accuracy": [0.46000000834465027, 0.47999998927116394, 0.4699999988079071, 0.550000011920929, 0.5699999928474426, 0.5699999928474426, 0.5899999737739563, 0.5799999833106995, 0.5600000023841858, 0.6000000238418579, 0.6000000238418579, 0.6000000238418579, 0.6100000143051147, 0.6299999952316284, 0.6600000262260437, 0.550000011920929, 0.5699999928474426, 0.550000011920929, 0.6399999856948853, 0.5899999737739563, 0.6000000238418579, 0.6499999761581421]}