{"loss": [2.1228671073913574, 1.170628309249878, 1.0433045625686646, 0.9683325886726379, 0.8857845664024353, 0.8141949772834778, 0.780748724937439, 0.7340840697288513, 0.6933766603469849, 0.6527411937713623, 0.6120185256004333, 0.5887887477874756, 0.5648378729820251, 0.5443315505981445, 0.5190920233726501, 0.5036289095878601, 0.4850713908672333, 0.48531314730644226, 0.4587680697441101, 0.44083115458488464], "accuracy": [0.4898492395877838, 0.590150773525238, 0.6341205835342407, 0.6550251245498657, 0.6843718886375427, 0.7106029987335205, 0.7209547758102417, 0.7352261543273926, 0.7492964863777161, 0.7611055374145508, 0.7805527448654175, 0.7801507711410522, 0.7938190698623657, 0.7972864508628845, 0.8092462420463562, 0.808442234992981, 0.8212562799453735, 0.8197487592697144, 0.828391969203949, 0.8379396796226501], "val_loss": [0.958301305770874, 0.9281153082847595, 0.9196450710296631, 0.8203251361846924, 0.7524380683898926, 0.8697823882102966, 0.9086548089981079, 0.8114917874336243, 0.740233838558197, 0.8374064564704895, 0.8025302886962891, 0.901365339756012, 0.7680416107177734, 0.8323005437850952, 0.9427568316459656, 0.9196131825447083, 1.0377429723739624, 1.1516062021255493, 0.9861578345298767, 1.153619408607483], "val_accuracy": [0.6600000262260437, 0.6600000262260437, 0.6800000071525574, 0.7099999785423279, 0.7099999785423279, 0.6800000071525574, 0.6899999976158142, 0.6800000071525574, 0.699999988079071, 0.6899999976158142, 0.7200000286102295, 0.7200000286102295, 0.7400000095367432, 0.7300000190734863, 0.7200000286102295, 0.699999988079071, 0.6399999856948853, 0.6800000071525574, 0.699999988079071, 0.7300000190734863]}