{"loss": [1.9378596544265747, 0.7946689128875732, 0.6006710529327393, 0.46852341294288635, 0.37403860688209534], "accuracy": [0.5916582942008972, 0.725477397441864, 0.7868844270706177, 0.8356281518936157, 0.868844211101532], "val_loss": [1.0602434873580933, 1.0604674816131592, 1.0879424810409546, 1.1180388927459717, 1.0902607440948486], "val_accuracy": [0.6200000047683716, 0.6600000262260437, 0.6600000262260437, 0.6600000262260437, 0.6600000262260437]}