{"loss": [1.8013081550598145, 0.7845103740692139, 0.6012325882911682, 0.47874873876571655, 0.36517035961151123], "accuracy": [0.6005024909973145, 0.7270854115486145, 0.7868844270706177, 0.8270351886749268, 0.8714572787284851], "val_loss": [1.1791019439697266, 0.8362798094749451, 0.9429258704185486, 0.9330734014511108, 1.0530595779418945], "val_accuracy": [0.6499999761581421, 0.7099999785423279, 0.699999988079071, 0.6899999976158142, 0.6499999761581421]}