{"loss": [2.0923619270324707, 1.3386746644973755, 1.2545881271362305, 1.1816471815109253, 1.1672022342681885, 1.117293357849121, 1.085019588470459, 1.0568538904190063, 1.0360891819000244, 0.9999731779098511, 0.9801152944564819, 0.9461652040481567, 0.9402281045913696, 0.9093448519706726, 0.8793699145317078, 0.862426221370697, 0.8336957097053528, 0.8155995011329651, 0.7922788858413696, 0.7707293629646301, 0.7547369003295898, 0.7515769004821777, 0.723913311958313, 0.7091494202613831, 0.6776331067085266, 0.6696670651435852, 0.6608688831329346, 0.6493008732795715, 0.6158019304275513, 0.6186984777450562, 0.6079155802726746, 0.5947655439376831], "accuracy": [0.4303015172481537, 0.5242211222648621, 0.5535678267478943, 0.5766834020614624, 0.589748740196228, 0.6077889204025269, 0.6198492646217346, 0.6282411813735962, 0.6349246501922607, 0.6502512693405151, 0.6589949727058411, 0.6697989702224731, 0.6751759052276611, 0.6827135682106018, 0.6907035112380981, 0.69557785987854, 0.709145724773407, 0.7117587924003601, 0.7215075492858887, 0.7276381850242615, 0.7301005125045776, 0.7349246144294739, 0.7421607971191406, 0.7482411861419678, 0.7634170651435852, 0.7614572644233704, 0.7647235989570618, 0.7704020142555237, 0.7814573049545288, 0.7811557650566101, 0.7852763533592224, 0.7898492217063904], "val_loss": [1.238785743713379, 1.0773676633834839, 1.0198248624801636, 1.0832711458206177, 1.0413846969604492, 0.9887683987617493, 1.0005996227264404, 0.9701197147369385, 1.0083791017532349, 0.927849292755127, 0.9328948259353638, 0.9889076352119446, 1.1207703351974487, 0.8916863799095154, 0.9264986515045166, 0.9008382558822632, 0.9994896650314331, 1.031624436378479, 0.837754487991333, 0.8718678951263428, 0.9038977026939392, 0.8420589566230774, 0.8046054244041443, 0.947172999382019, 0.9582265615463257, 0.8434687852859497, 1.0127547979354858, 0.811175525188446, 0.8568294048309326, 0.8688914775848389, 0.8329750299453735, 0.9553916454315186], "val_accuracy": [0.5600000023841858, 0.6200000047683716, 0.6499999761581421, 0.5899999737739563, 0.6600000262260437, 0.6700000166893005, 0.6200000047683716, 0.6600000262260437, 0.6399999856948853, 0.6700000166893005, 0.6800000071525574, 0.6700000166893005, 0.6299999952316284, 0.6399999856948853, 0.6700000166893005, 0.6499999761581421, 0.6399999856948853, 0.7099999785423279, 0.6800000071525574, 0.6800000071525574, 0.7200000286102295, 0.699999988079071, 0.699999988079071, 0.6800000071525574, 0.7400000095367432, 0.7400000095367432, 0.6499999761581421, 0.7300000190734863, 0.699999988079071, 0.7400000095367432, 0.7400000095367432, 0.7300000190734863]}