{"loss": [2.7836718559265137, 1.8317054510116577, 1.7574117183685303, 1.6863036155700684, 1.648890733718872, 1.6165850162506104, 1.6044725179672241, 1.5650500059127808, 1.547282099723816, 1.5291796922683716, 1.53310227394104, 1.511104702949524, 1.508565068244934, 1.4995070695877075, 1.482191562652588, 1.463385820388794, 1.447601318359375, 1.4396930932998657, 1.4348738193511963, 1.4316003322601318, 1.4156867265701294, 1.407333254814148, 1.4141755104064941, 1.3866751194000244, 1.3761574029922485, 1.3808830976486206, 1.3550506830215454, 1.3687822818756104, 1.3606839179992676, 1.3583354949951172, 1.3526692390441895, 1.3212785720825195], "accuracy": [0.23442211747169495, 0.31954774260520935, 0.36190953850746155, 0.3854271471500397, 0.40381908416748047, 0.42040202021598816, 0.42085427045822144, 0.44261306524276733, 0.4485427141189575, 0.46065327525138855, 0.4603015184402466, 0.471809059381485, 0.4732663333415985, 0.4774874448776245, 0.4841708540916443, 0.49180904030799866, 0.4972361922264099, 0.5052261352539062, 0.5022612810134888, 0.5101507306098938, 0.5134170651435852, 0.5125125646591187, 0.5114070177078247, 0.5231155753135681, 0.5266833901405334, 0.5299999713897705, 0.5363819003105164, 0.5299999713897705, 0.5359799265861511, 0.5397487282752991, 0.5383919477462769, 0.5486432313919067], "val_loss": [1.7413184642791748, 1.756361961364746, 1.7017202377319336, 1.731981635093689, 1.636593222618103, 1.6857223510742188, 1.6557981967926025, 1.544752597808838, 1.5631206035614014, 1.6475743055343628, 1.4989416599273682, 1.4684795141220093, 1.5380192995071411, 1.4838942289352417, 1.555152416229248, 1.5057176351547241, 1.3366470336914062, 1.4546921253204346, 1.4174325466156006, 1.3771618604660034, 1.4833661317825317, 1.3221927881240845, 1.5505770444869995, 1.360115647315979, 1.2567447423934937, 1.3189631700515747, 1.411361813545227, 1.3646334409713745, 1.4691047668457031, 1.3255902528762817, 1.497727632522583, 1.318700909614563], "val_accuracy": [0.4099999964237213, 0.3400000035762787, 0.38999998569488525, 0.4099999964237213, 0.44999998807907104, 0.36000001430511475, 0.3499999940395355, 0.4699999988079071, 0.47999998927116394, 0.4099999964237213, 0.47999998927116394, 0.5299999713897705, 0.44999998807907104, 0.5099999904632568, 0.49000000953674316, 0.49000000953674316, 0.5600000023841858, 0.5299999713897705, 0.5299999713897705, 0.5799999833106995, 0.6000000238418579, 0.5899999737739563, 0.47999998927116394, 0.5400000214576721, 0.6200000047683716, 0.550000011920929, 0.5099999904632568, 0.5199999809265137, 0.5400000214576721, 0.6200000047683716, 0.5, 0.6000000238418579]}