{"loss": [1.6382386684417725, 0.7717269659042358, 0.6293473839759827, 0.5243244171142578], "accuracy": [0.6196321249008179, 0.7340468168258667, 0.7781939506530762, 0.8128762245178223], "val_loss": [0.9422025084495544, 0.9511803388595581, 0.9730486869812012, 1.036824107170105], "val_accuracy": [0.6700000166893005, 0.6200000047683716, 0.6499999761581421, 0.6399999856948853]}