{"loss": [1.5943260192871094, 1.0511863231658936, 0.8923695087432861, 0.7929232120513916, 0.7053484916687012, 0.6378437876701355, 0.5875114798545837, 0.5377765893936157, 0.4635600745677948, 0.42342862486839294, 0.3744789659976959, 0.3560865521430969, 0.3364911377429962, 0.31808990240097046, 0.28893598914146423, 0.2757720947265625, 0.26608389616012573, 0.25497153401374817, 0.2437703162431717, 0.23403006792068481, 0.2228865772485733, 0.21696831285953522, 0.21568997204303741], "accuracy": [0.47112223505973816, 0.6421242356300354, 0.6979559063911438, 0.7325651049613953, 0.7616232633590698, 0.7836272716522217, 0.7991583347320557, 0.8156112432479858, 0.8421643376350403, 0.8546493053436279, 0.8723246455192566, 0.8781964182853699, 0.8849899768829346, 0.8929659128189087, 0.9005610942840576, 0.9057915806770325, 0.9096993803977966, 0.9147093892097473, 0.9176753759384155, 0.9217835664749146, 0.9253707528114319, 0.9274749755859375, 0.9283767342567444], "val_loss": [0.8550997376441956, 0.7173101902008057, 0.6365323662757874, 0.6247621178627014, 0.5655871629714966, 0.5175066590309143, 0.5091294050216675, 0.5019817352294922, 0.48062416911125183, 0.4755270481109619, 0.4595271944999695, 0.4287343919277191, 0.441003680229187, 0.44861504435539246, 0.4555027484893799, 0.43545353412628174, 0.4191226661205292, 0.46098652482032776, 0.4413618743419647, 0.43661242723464966, 0.43319833278656006, 0.44316160678863525, 0.44384121894836426], "val_accuracy": [0.7300000190734863, 0.7699999809265137, 0.7900000214576721, 0.7799999713897705, 0.8299999833106995, 0.8399999737739563, 0.8299999833106995, 0.8399999737739563, 0.8399999737739563, 0.8399999737739563, 0.8299999833106995, 0.8700000047683716, 0.8299999833106995, 0.8299999833106995, 0.8399999737739563, 0.8799999952316284, 0.8700000047683716, 0.8500000238418579, 0.8500000238418579, 0.8500000238418579, 0.8500000238418579, 0.8299999833106995, 0.8500000238418579], "lr": [9.999999747378752e-06, 9.999999747378752e-06, 9.999999747378752e-06, 9.999999747378752e-06, 9.999999747378752e-06, 9.999999747378752e-06, 9.999999747378752e-06, 9.999999747378752e-06, 5.999999757477781e-06, 5.999999757477781e-06, 3.5999998999614036e-06, 3.5999998999614036e-06, 3.5999998999614036e-06, 3.5999998999614036e-06, 2.159999894502107e-06, 2.159999894502107e-06, 2.159999894502107e-06, 2.159999894502107e-06, 1.2959999367012642e-06, 1.2959999367012642e-06, 7.775999506520748e-07, 7.775999506520748e-07, 4.6655998175992863e-07]}